<!-- Basin list for the track maker -->
<!-- Edit this file to add new basins -->

<Basins>
	<Basin name="Atlantic" Abbreviation="AL" bgimage="Data\BasinImages\T_AtlanticHighRes.png" CoordsTopLeft="60.00;N 140.00;W" CoordsBottomRight="0.00;N 0.00;W"></Basin>
	<Basin name="Australian" Abbreviation="SH" bgimage="Data\BasinImages\T_AusHighRes.png" CoordsTopLeft="0.00;S 90.00;E" CoordsBottomRight="36.00;S 160.00;E"></Basin>
	<Basin name="Eastern &amp; Central Pacific" Abbreviation="EP" bgimage="Data\BasinImages\T_EpacCpacHighRes.png" CoordsTopLeft="60.00;N 180.00;E" CoordsBottomRight="0.00;N 100.00;E"></Basin>
	<Basin name="Mediterranean Sea" Abbreviation="ME" bgimage="Data\BasinImages\T_MediLowRes.png" CoordsTopLeft="52.00;N 0.00;E" CoordsBottomRight="27.00;N 45.00;E"></Basin>
	<Basin name="North Indian Ocean" Abbreviation="IO" bgimage="Data\BasinImages\T_NioHighRes.png" CoordsTopLeft="40.00;N 45.00;E" CoordsBottomRight="0.00;N 100.00;E"></Basin>
	<Basin name="South Pacific" Abbreviation="SH" bgimage="Data\BasinImages\T_SpacHighRes.png" CoordsTopLeft="0.00;S 90.00;E" CoordsBottomRight="40.00;S 160.00;E"></Basin>
	<Basin name="South-West Indian Ocean" Abbreviation="SH" bgimage="Data\BasinImages\T_SwioHighRes.png" CoordsTopLeft="0.00;S 25.00;E" CoordsBottomRight="40.00;S 90.00;E"></Basin>
	<Basin name="Western Pacific" Abbreviation="WP" bgimage="Data\BasinImages\T_WpacHighRes.png" CoordsTopLeft="60.00;N 100.00;E" CoordsBottomRight="0.00;N 180.00;E"></Basin> 
	<!-- If you want to add the SATL SATL = LS, tell me if it should be included by default [2020-12-14] -->
</Basins>